Type,Value
Filename,[digits].plg
Filename,atexec.exe
Filename,detect.vbs
Filename,gothic.dat
Filename,handkerchief.dat
Filename,IEChecker.exe
Filename,logmeinsystrays.dat
Filename,mfeann.data
Filename,microsoft.workflow.compiler.dat
Filename,msseces.asm
Filename,NvSmart.hlp
Filename,obedience.exe
Filename,schf.its
Filename,secretsdump.exe
Filename,SFCNS.dat
Filename,starburn.dll
Filename,t.vbs
Filename,Vba32ar.cab.dat
Filename,Vba32arch.dll
Filename,wpf-etw.dat
Filepath,%ALLUSERSPROFILE%\\SxS
Filepath,%USERPROFILE%\AppData\Local\Temp\winsyslog\mPclient.dll
Filepath,%USERPROFILE%\AppData\Local\Temp\winsyslog\msseces.asm
Filepath,%USERPROFILE%\AppData\Local\Temp\winsyslog\msseces.exe
Filepath,%USERPROFILE%\\AppData\Roaming\notron.exe
Filepath,C:\recovery\csvde.exe
Filepath,C:\recovery\lockdown.dll
Filepath,C:\recovery\mfeann.exe
Filepath,C:\recovery\mpsvc.dll
Filepath,C:\recovery\MsMpEng.exe
Filepath,C:\recovery\nbt.exe
Filepath,C:\recovery\nosystem.exe
Filepath,C:\windows\system32\RedLeaves.exe
Filepath,C:\Windows\Temp\winsyslog\mPclient.dll
Filepath,C:\Windows\Vss\Setup.exe
Filepath,C:\Windows\Vss\SetupEngine.dll
Filepath,C:\Windows\Vss\SFCNS.dat
Mutex,&#@tz931(
Mutex,0mm7b2k8c
Mutex,2156jsdkh
Mutex,54bc6939a1de55fd
Mutex,a85edfea9aa3f292
Mutex,c516394560dfdc20
Mutex,cvxcbcbvw
Mutex,Deosodlwfiadlkfajksllw
Mutex,DF#EGDGFD
Mutex,DY&F*#KJK
Mutex,g6nncn1m1
Mutex,jfkgjr$##
Mutex,K!@DKFK#*
Mutex,RedLeavesCMDSimulatorMutex
Mutex,vv11287GD
NamePipe,\.\pipe\NamePipe_MoreWindows
RegistryKey,HKEY_CURRENT_USER\SOFTWARE\EGGORG
RegistryKey,HKCU\Software\Classes\VirtualStore\MACHINE\Software\rar\e
RegistryKey,HKCU\Software\Microsoft\Windows\CurrentVersion\Run\ISeC CrootReadr
RegistryKey,HKCU\Software\rar\ActiveSettings
RegistryKey,HKCU\Software\rar\data
RegistryKey,HKCU\Software\rar\e
RegistryKey,HKCU\Software\rar\s
RegistryKey,HKEY_CURRENT_USER\SOFTWARE\Microsoft\Windows\CurrentVersion\Run\pedetdata
RegistryKey,HKEY_LOCAL_MACHINE\Software\CLASSES\MJ
RegistryKey,HKEY_LOCAL_MACHINE\Software\CLASSES\MJ\PROXY
RegistryKey,HKEY_LOCAL_MACHINE\SOFTWARE\Microsoft\Windows\CurrentVersion\Run\pedetdata
url,002562066559681.r3u8.com
url,031168053846049.r3u8.com
url,0625.have8000.com
url,1.gadskysun.com
url,100fanwen.com
url,11.usyahooapis.com
url,19518473326.r3u8.com
url,1960445709311199.r3u8.com
url,1j.www1.biz
url,1z.itsaol.com
url,2012yearleft.com
url,2014.zzux.com
url,202017845.r3u8.com
url,2139465544784.r3u8.com
url,2789203959848958.r3u8.com
url,5590428449750026.r3u8.com
url,5q.niushenghuo.info
url,6r.suibian2010.info
url,9gowg.tech
url,a.wubangtu.info
url,a1.suibian2010.info
url,ab.4pu.com
url,abc.wikaba.com
url,abcd120719.6600.org
url,abcd120807.3322.org
url,acc.emailfound.info
url,acc.lehigtapp.com
url,acsocietyy.com
url,ad.getfond.info
url,ad.webbooting.com
url,additional.sexidude.com
url,af.zyns.com
url,afc.https443.org
url,ako.ddns.us
url,androidmusicapp.onmypc.us
url,announcements.toythieves.com
url,anvprn.com
url,aotuo.9966.org
url,apec.qtsofta.com
url,app.lehigtapp.com
url,apple.cmdnetview.com
url,apple.defensewar.org
url,apple.ikwb.com
url,appledownload.ourhobby.com
url,appleimages.itemdb.com
url,appleimages.longmusic.com
url,applelib120102.9966.org
url,applemirror.organiccrap.com
url,applemirror.squirly.info
url,applemusic.isasecret.com
url,applemusic.itemdb.com
url,applemusic.wikaba.com
url,applemusic.xxuz.com
url,applemusic.zzux.com
url,apples.sytes.net
url,appleupdate.itemdb.com
url,architectisusa.com
url,area.wthelpdesk.com
url,army.xxuz.com
url,art.p6p6.net
url,asfzx.x24hr.com
url,av.ddns.us
url,availab.wikaba.com
url,availability.justdied.com
url,ba.my03.com
url,baby.macforlinux.net
url,baby.myie12.com
url,baby.usmirocomney.net
url,back.jungleheart.com
url,back.mofa.dynamic-dns.net
url,bak.have8000.com
url,bak.ignorelist.com
url,bak.un.dnsrd.com
url,balance1.wikaba.com
url,balk.n7go.com
url,banana.cmdnetview.com
url,barrybaker.6600.org
url,bbs.jungleheart.com
url,bdoncloud.com
url,be.mrslove.com
url,be.yourtrap.com
url,belowto.com
url,bethel.webhop.net
url,bexm.cleansite.biz
url,bezu.itemdb.com
url,bk56.twilightparadox.com
url,blaaaaaaaaaaaa.windowsupdate.3-a.net
url,blog.defensewar.org
url,brand.fartit.com
url,bridgeluxlightmadness.com
url,bulletproof.squirly.info
url,cao.p6p6.net
url,cata.qtsofta.com
url,catholicmmb.com
url,cc.dynamicdns.co.uk
url,ccfchrist.com
url,ccupdatedata.authorizeddns.net
url,cd.usyahooapis.com
url,cdn.incloud-go.com
url,center.shenajou.com
url,cgei493860.r3u8.com
url,chaindungeons.com
url,chibashiri.com
url,childrenstow.com
url,cia.ezua.com
url,cia.toh.info
url,ciaoci.chickenkiller.com
url,civilwar123.authorizeddns.org
url,civilwar520.onmypc.org
url,ckusshani.com
url,cloud-kingl.com
url,cloud-maste.com
url,cloudns.8800.org
url,cmdnetview.com
url,cms.sindeali.com
url,cnnews.mylftv.com
url,commissioner.shenajou.com
url,commons.onedumb.com
url,contactus.myddns.com
url,contactus.onmypc.us
url,contract.4mydomain.com
url,contractus.qpoe.com
url,contractus.zzux.com
url,coreck.suayay.com
url,cpu.4pu.com
url,cs.lflink.com
url,ctdl.windowsupdate.itsaol.com
url,ctdl.windowsupdate.nsatcdns.com
url,ctldl.appledownload.ourhobby.com
url,ctldl.applemusic.itemdb.com
url,ctldl.itunesmusic.jkub.com
url,ctldl.microsoftmusic.onedumb.com
url,ctldl.microsoftupdate.qhigh.com
url,ctldl.windowsupdate.authorizeddns.org
url,ctldl.windowsupdate.authorizeddns.us
url,ctldl.windowsupdate.dnset.com
url,ctldl.windowsupdate.esmtp.biz
url,ctldl.windowsupdate.ezua.com
url,ctldl.windowsupdate.gettrials.com
url,ctldl.windowsupdate.itsaol.com
url,ctldl.windowsupdate.lflinkup.com
url,ctldl.windowsupdate.mrface.com
url,ctldl.windowsupdate.nsatcdns.com
url,ctldl.windowsupdate.organiccrap.com
url,ctldl.windowsupdate.x24hr.com
url,cvnx.zyns.com
url,cwiinatonal.com
url,daddy.gostudyantivirus.com
url,dcc.jimingroup.com
url,dd.ddns.us
url,de.onmypc.info
url,dear.loveddos.com
url,dec.seyesb.acmetoy.com
url,dedgesuite.net
url,dedydns.ns01.us
url,defensewar.org
url,demoones.com
url,department.shenajou.com
url,details.squirly.info
url,development.shenajou.com
url,devilcase.acmetoy.com
url,dfgwerzc.3322.org
url,dick.ccfchrist.com
url,digsby.ourhobby.com
url,disruptive.https443.net
url,dlmix.ourdvs.com
url,dnspoddwg.authorizeddns.org
url,do.ddns.ms
url,document.methoder.com
url,document.shenajou.com
url,domainnow.yourtrap.com
url,download.applemusic.itemdb.com
url,download.microsoftmusic.onedumb.com
url,download.windowsupdate.authorizeddns.org
url,download.windowsupdate.dedgesuite.net
url,download.windowsupdate.dnset.com
url,download.windowsupdate.itsaol.com
url,download.windowsupdate.lflinkup.com
url,download.windowsupdate.nsatcdns.com
url,download.windowsupdate.x24hr.com
url,downloadlink.mypicture.info
url,drives.methoder.com
url,dst.1dumb.com
url,duosay.com
url,dyncojinf.6600.org
url,dynsbluecheck.7766.org
url,ea.onmypc.info
url,ea.rebatesrule.net
url,edgar.ccfchrist.com
url,ehshiroshima.mylftv.com
url,emailfound.info
url,eric-averyanov.wha.la
url,essashi.com
url,eu.acmetoy.com
url,eu.wha.la
url,eu.zzux.com
url,everydayfilmlink.com
url,ewe.toshste.com
url,eweek.2waky.com
url,exprenum.com
url,express.lflinkup.com
url,extraordinary.dynamic-dns.net
url,f068v.site
url,fabian.ccfchrist.com
url,fastemail.dnsrd.com
url,fastmail2.com
url,fbi.sexxxy.biz
url,fbi.zyns.com
url,fcztqbg.zj.r3u8.com
url,feed.jungleheart.com
url,fftpoor.com
url,fg.v4.download.windowsupdates.dnsrd.com
url,file.zzux.com
url,files.architectisusa.com
url,film.everydayfilmlink.com
url,filmlist.everydayfilmlink.com
url,findme.epac.to
url,fire.mrface.com
url,fish.toh.info
url,fiveavmersi.websegoo.net
url,fjs.wikaba.com
url,flea.poulsenv.com
url,flynews.edns.biz
url,fo.mysecondarydns.com
url,foal.wchildress.com
url,follow.wha.la
url,foo.shenajou.com
url,for.ddns.mobi
url,fr.wikaba.com
url,franck.demoones.com
url,ftp.2014.zzux.com
url,ftp.additional.sexidude.com
url,ftp.afc.https443.org
url,ftp.announcements.toythieves.com
url,ftp.apple.ikwb.com
url,ftp.appledownload.ourhobby.com
url,ftp.appleimages.itemdb.com
url,ftp.appleimages.longmusic.com
url,ftp.appleimages.organiccrap.com
url,ftp.applemirror.organiccrap.com
url,ftp.applemirror.squirly.info
url,ftp.applemusic.isasecret.com
url,ftp.applemusic.itemdb.com
url,ftp.applemusic.wikaba.com
url,ftp.applemusic.xxuz.com
url,ftp.applemusic.zzux.com
url,ftp.appleupdate.itemdb.com
url,ftp.architectisusa.com
url,ftp.asfzx.x24hr.com
url,ftp.availab.wikaba.com
url,ftp.availability.justdied.com
url,ftp.back.jungleheart.com
url,ftp.balance1.wikaba.com
url,ftp.be.mrslove.com
url,ftp.brand.fartit.com
url,ftp.bulletproof.squirly.info
url,ftp.cia.ezua.com
url,ftp.cia.toh.info
url,ftp.civilwar123.authorizeddns.org
url,ftp.civilwar520.onmypc.org
url,ftp.cloudfileserverbs.dynamicdns.co.uk
url,ftp.cnnews.mylftv.com
url,ftp.commons.onedumb.com
url,ftp.contractus.qpoe.com
url,ftp.cvnx.zyns.com
url,ftp.de.onmypc.info
url,ftp.details.squirly.info
url,ftp.devilcase.acmetoy.com
url,ftp.disruptive.https443.net
url,ftp.domainnow.yourtrap.com
url,ftp.ea.onmypc.info
url,ftp.ehshiroshima.mylftv.com
url,ftp.eric-averyanov.wha.la
url,ftp.eu.acmetoy.com
url,ftp.eu.wha.la
url,ftp.eu.zzux.com
url,ftp.fbi.sexxxy.biz
url,ftp.file.zzux.com
url,ftp.findme.epac.to
url,ftp.fire.mrface.com
url,ftp.fjs.wikaba.com
url,ftp.fr.wikaba.com
url,ftp.fuck.ikwb.com
url,ftp.fuckmm.dns-dns.com
url,ftp.generat.almostmy.com
url,ftp.goldtoyota.com
url,ftp.goodmusic.justdied.com
url,ftp.helpus.ddns.info
url,ftp.hii.qhigh.com
url,ftp.innocent-isayev.sexidude.com
url,ftp.invoices.sexxxy.biz
url,ftp.iphone.vizvaz.com
url,ftp.itlans.isasecret.com
url,ftp.itunesdownload.jkub.com
url,ftp.itunesdownload.wikaba.com
url,ftp.itunesimages.itemdb.com
url,ftp.itunesimages.itsaol.com
url,ftp.itunesimages.qpoe.com
url,ftp.itunesmirror.fartit.com
url,ftp.itunesmirror.itsaol.com
url,ftp.itunesmusic.ikwb.com
url,ftp.itunesmusic.jetos.com
url,ftp.itunesmusic.jkub.com
url,ftp.itunesmusic.zzux.com
url,ftp.itunesupdate.itsaol.com
url,ftp.itunesupdates.organiccrap.com
url,ftp.japanfilmsite.ikwb.com
url,ftp.jimin.mymom.info
url,ftp.jp.serveuser.com
url,ftp.key.zzux.com
url,ftp.knowledge.sellclassics.com
url,ftp.lan.dynssl.com
url,ftp.latestnews.epac.to
url,ftp.latestnews.organiccrap.com
url,ftp.leedong.longmusic.com
url,ftp.macfee.mrface.com
url,ftp.maffc.mrface.com
url,ftp.malware.dsmtp.com
url,ftp.manager.jetos.com
url,ftp.martin.sellclassics.com
url,ftp.mason.vizvaz.com
url,ftp.mediapath.organiccrap.com
url,ftp.microsoft.got-game.org
url,ftp.microsoft.mrface.com
url,ftp.microsoftimages.organiccrap.com
url,ftp.microsoftmusic.mrbasic.com
url,ftp.microsoftqckmanager.pcanywhere.net
url,ftp.microsoftupdate.mrbasic.com
url,ftp.microsoftupdate.qhigh.com
url,ftp.micrsoftware.dsmtp.com
url,ftp.mircsoft.compress.to
url,ftp.mmy.ddns.us
url,ftp.mod.jetos.com
url,ftp.mofa.dynamic-dns.net
url,ftp.mofa.ns01.info
url,ftp.moscowdic.trickip.org
url,ftp.msg.ezua.com
url,ftp.musicfile.ikwb.com
url,ftp.musicjj.zzux.com
url,ftp.mymusicbox.vizvaz.com
url,ftp.myphpwebsite.itsaol.com
url,ftp.myrestroomimage.isasecret.com
url,ftp.na.americanunfinished.com
url,ftp.na.onmypc.org
url,ftp.newsdata.jkub.com
url,ftp.newsroom.cleansite.info
url,ftp.no.authorizeddns.org
url,ftp.nsa.mefound.com
url,ftp.nt.mynumber.org
url,ftp.nttdata.otzo.com
url,ftp.nz.compress.to
url,ftp.ol.almostmy.com
url,ftp.oracleupdate.dns04.com
url,ftp.portal.mrface.com
url,ftp.portal.sendsmtp.com
url,ftp.portalser.dynamic-dns.net
url,ftp.praskovya-matveyeva.mefound.com
url,ftp.praskovya-ulyanova.dumb1.com
url,ftp.products.almostmy.com
url,ftp.products.cleansite.us
url,ftp.products.serveuser.com
url,ftp.purchase.lflinkup.org
url,ftp.recent.dns-stuff.com
url,ftp.recent.fartit.com
url,ftp.referred.gr8domain.biz
url,ftp.referred.yourtrap.com
url,ftp.register.ourhobby.com
url,ftp.registration2.instanthq.com
url,ftp.registrations.4pu.com
url,ftp.registrations.organiccrap.com
url,ftp.remeberdata.iownyour.org
url,ftp.reserveds.onedumb.com
url,ftp.rethem.almostmy.com
url,ftp.sdmsg.onmypc.org
url,ftp.se.toythieves.com
url,ftp.secertnews.mrbasic.com
url,ftp.senseye.ikwb.com
url,ftp.senseye.mrbonus.com
url,ftp.septdlluckysystem.jungleheart.com
url,ftp.seraphim-yurieva.justdied.com
url,ftp.serv.justdied.com
url,ftp.server1.proxydns.com
url,ftp.seyesb.acmetoy.com
url,ftp.shugiin.jkub.com
url,ftp.singed.otzo.com
url,ftp.sstday.jkub.com
url,ftp.support1.mrface.com
url,ftp.supportus.mefound.com
url,ftp.svc.dynssl.com
url,ftp.synssl.dnset.com
url,ftp.tamraj.fartit.com
url,ftp.tfa.longmusic.com
url,ftp.thunder.wikaba.com
url,ftp.ticket.instanthq.com
url,ftp.ticket.serveuser.com
url,ftp.tokyofile.2waky.com
url,ftp.tophost.dynamicdns.co.uk
url,ftp.transfer.lflinkup.org
url,ftp.transfer.mrbasic.com
url,ftp.transfer.vizvaz.com
url,ftp.ugreen.itemdb.com
url,ftp.uk.dynamicdns.org.uk
url,ftp.un.ddns.info
url,ftp.un.dnsrd.com
url,ftp.usa.itsaol.com
url,ftp.well.itsaol.com
url,ftp.well.mrbasic.com
url,ftp.wike.wikaba.com
url,ftp.windowfile.itemdb.com
url,ftp.windowsimages.itemdb.com
url,ftp.windowsimages.qhigh.com
url,ftp.windowsmirrors.vizvaz.com
url,ftp.windowsupdate.2waky.com
url,ftp.windowsupdate.3-a.net
url,ftp.windowsupdate.authorizeddns.us
url,ftp.windowsupdate.dns05.com
url,ftp.windowsupdate.esmtp.biz
url,ftp.windowsupdate.ezua.com
url,ftp.windowsupdate.fartit.com
url,ftp.windowsupdate.gettrials.com
url,ftp.windowsupdate.instanthq.com
url,ftp.windowsupdate.jungleheart.com
url,ftp.windowsupdate.lflink.com
url,ftp.windowsupdate.mrface.com
url,ftp.windowsupdate.mylftv.com
url,ftp.windowsupdate.rebatesrule.net
url,ftp.windowsupdate.sellclassics.com
url,ftp.windowsupdate.serveusers.com
url,ftp.yandexr.sellclassics.com
url,fu.epac.to
url,fuck.ikwb.com
url,fuckanti.com
url,fuckdd.8800.org
url,fuckmm.8800.org
url,fuckmm.dns-dns.com
url,fukuoka.cloud-maste.com
url,g3ypf.online
url,gadskysun.com
url,gavin.ccfchrist.com
url,generat.almostmy.com
url,generousd.hopto.org
url,gensuzuki.6600.org
url,getfond.info
url,gh.mysecondarydns.com
url,gifuonlineshopping.mynumber.org
url,glicense.shenajou.com
url,globalnews.wikaba.com
url,gmail.com.mailsserver.com
url,gmpcw.com
url,gold.polopurple.com
url,goldtoyota.com
url,goodmusic.justdied.com
url,goodsampjp.com
url,gooesdataios.instanthq.com
url,google.macforlinux.net
url,google.usrobothome.com
url,googlemeail.com
url,gostudyantivirus.com
url,gostudymbaa.com
url,gotourisma.com
url,gt4study.com
url,gtsofta.com
url,Hamiltion.catholicmmb.com
url,haoyujd.info
url,happy.workerisgood.com
url,have8000.com
url,helpus.ddns.info
url,helshellfucde.8866.org
url,hg8fmv.racing
url,hii.qhigh.com
url,hk.2012yearleft.com
url,hk.cmdnetview.com
url,hk.have8000.com
url,hk.loveddos.com
url,home.trickip.org
url,hostport9.net
url,hotmai.info
url,hotmail.com.mailsserver.com
url,hukuoka.cloud-maste.com
url,iamges.itunesmusic.jkub.com
url,ibmmsg.strangled.net
url,icfeds.cf
url,idpmus.hostport9.net
url,ijica.in
url,im.suibian2010.info
url,image.websago.info
url,images.itunesmusic.jkub.com
url,images.thedomais.info
url,images.tyoto-go-jp.com
url,images.windowsupdate.organiccrap.com
url,imap.architectisusa.com
url,imap.dnset.com
url,imap.lflink.com
url,imap.onmypc.net
url,imap.ygto.com
url,img.station155.com
url,improvejpese.com
url,incloud-go.com
url,incloud-obert.com
url,ingemar.catholicmmb.com
url,innocent-isayev.sexidude.com
url,innov-tec.com.ua
url,inspgon.re26.com
url,interpreter.shenajou.com
url,invoices.sexxxy.biz
url,io.jkub.com
url,iphone.vizvaz.com
url,ipv4.applemusic.itemdb.com
url,ipv4.itunesmusic.jkub.com
url,ipv4.japanenvnews.qpoe.com
url,ipv4.microsoftmusic.onedumb.com
url,ipv4.microsoftupdate.mrbasic.com
url,ipv4.microsoftupdate.qhigh.com
url,ipv4.windowsupdate.3-a.net
url,ipv4.windowsupdate.authorizeddns.org
url,ipv4.windowsupdate.authorizeddns.us
url,ipv4.windowsupdate.dnset.com
url,ipv4.windowsupdate.esmtp.biz
url,ipv4.windowsupdate.ezua.com
url,ipv4.windowsupdate.fartit.com
url,ipv4.windowsupdate.gettrials.com
url,ipv4.windowsupdate.itsaol.com
url,ipv4.windowsupdate.lflink.com
url,ipv4.windowsupdate.lflinkup.com
url,ipv4.windowsupdate.mrface.com
url,ipv4.windowsupdate.mylftv.com
url,ipv4.windowsupdate.nsatcdns.com
url,ipv4.windowsupdate.x24hr.com
url,ipv6microsoft.dlmix.ourdvs.com
url,itlans.isasecret.com
url,itunesdownload.jkub.com
url,itunesdownload.vizvaz.com
url,itunesdownload.wikaba.com
url,itunesimages.itemdb.com
url,itunesimages.itsaol.com
url,itunesimages.qpoe.com
url,itunesmirror.fartit.com
url,itunesmirror.itsaol.com
url,itunesmusic.ikwb.com
url,itunesmusic.jetos.com
url,itunesmusic.jkub.com
url,itunesmusic.zzux.com
url,itunesupdate.itsaol.com
url,itunesupdates.organiccrap.com
url,iw.mrslove.com
url,ixrayeye.com
url,james.tffghelth.com
url,janpan.bigmoney.biz
url,janpun.americanunfinished.com
url,jap.japanmusicinfo.com
url,japan.fuckanti.com
url,japan.linuxforover.com
url,japan.loveddos.com
url,japanenvnews.qpoe.com
url,japanfilmsite.ikwb.com
url,japanfst.japanteam.org
url,japanmusicinfo.com
url,japanteam.org
url,jcie.mofa.ns01.info
url,jepsen.r3u8.com
url,jica-go-jp.bike
url,jica-go-jp.biz
url,jimin.jimindaddy.com
url,jimin.mymom.info
url,jimindaddy.com
url,jimingroup.com
url,jimin-jp.biz
url,jimin-jp.biz
url,jimintokoy.com
url,jj.mysecondarydns.com
url,jmuroran.com
url,jp.rakutenmusic.com
url,jp.serveuser.com
url,jpcert.org
url,jpn.longmusic.com
url,jpnxzshopdata.authorizeddns.org
url,jpstarmarket.serveusers.com
url,kaka.lehigtapp.com
url,kawasaki.cloud-maste.com
url,kawasaki.unhamj.com
url,kennedy.tffghelth.com
url,key.zzux.com
url,kikimusic.sellclassics.com
url,kmd.crabdance.com
url,knowledge.sellclassics.com
url,ktgmktanxgvn.r3u8.com
url,kxsbwappupdate.dhcp.biz
url,kztmusiclnk.dnsrd.com
url,lan.dynssl.com
url,last.p6p6.net
url,latestnews.epac.to
url,latestnews.organiccrap.com
url,leedong.longmusic.com
url,lehigtapp.com
url,lennon.fftpoor.com
url,license.shenajou.com
url,lie.jetos.com
url,linuxforover.com
url,linuxsofta.com
url,lion.wchildress.com
url,lizard.poulsenv.com
url,logon-live.com
url,lottedfstravel.webbooting.com
url,loveddos.com
url,lzf550.r3u8.com
url,ma.vizvaz.com
url,mac.goldtoyota.com
url,mac.methoder.com
url,macfee.mrface.com
url,macforlinux.net
url,maffc.mrface.com
url,mail.architectisusa.com
url,mail.macforlinux.net
url,mailcarriage.co.uk
url,mailj.hostport9.net
url,mailserever.com
url,mailsserver.com
url,mailvserver.com
url,malcolm.fftpoor.com
url,malware.dsmtp.com
url,manager.architectisusa.com
url,manager.jetos.com
url,markabcinfo.dynamicdns.me.uk
url,martin.sellclassics.com
url,mason.vizvaz.com
url,mbaby.macforlinux.net
url,medexplor.thedomais.info
url,mediapath.organiccrap.com
url,meiji-ac-jp.com
url,mesjm.emailfound.info
url,message.emailfound.info
url,message.p6p6.net
url,messagea.emailfound.info
url,methoder.com
url,mf.ddns.info
url,microcnmlgb.3322.org
url,microdef.2288.org
url,microhome.wikaba.com
url,microsoft.got-game.org
url,microsoft.mrface.com
url,microsoftdownload.zzux.com
url,microsoftempowering.sendsmtp.com
url,microsoften.com
url,microsoftgame.mrface.com
url,microsoftgetstarted.sexidude.com
url,microsoftimages.organiccrap.com
url,microsoftmirror.mrbasic.com
url,microsoftmusic.itemdb.com
url,microsoftmusic.mrbasic.com
url,microsoftmusic.onedumb.com
url,microsoftqckmanager.pcanywhere.net
url,microsoftstore.jetos.com
url,microsoftstores.itemdb.com
url,microsoftupdate.mrbasic.com
url,microsoftupdate.qhigh.com
url,microsoftupdates.vizvaz.com
url,micrsoftware.dsmtp.com
url,mircsoft.compress.to
url,mivsee.website0012.net
url,mmofoojap.2288.org
url,mmy.ddns.us
url,mobile.2waky.com
url,mocha.100fanwen.com
url,mod.jetos.com
url,mofa.dynamic-dns.net
url,mofa.ns01.info
url,mofa.strangled.net
url,mofaess.com
url,mofa-go-jp.com
url,mongoles.3322.org
url,monkey.2012yearleft.com
url,moscowstdsupdate.toythieves.com
url,mrsloveaqx.mrslove.com
url,ms.ecc.u-tokyo-ac-jp.com
url,mseupdate.ourhobby.com
url,msg.ezua.com
url,msn.incloud-go.com
url,muller.exprenum.com
url,music.applemusic.itemdb.com
url,music.cleansite.us
url,music.websegoo.net
url,musicfile.ikwb.com
url,musicinfo.everydayfilmlink.com
url,musiclinker.jkub.com
url,musicsecph.squirly.info
url,mx.yetrula.eu
url,myie12.com
url,mymusicbox.lflinkup.org
url,mymusicbox.vizvaz.com
url,myphpwebsite.itsaol.com
url,myrestroomimage.isasecret.com
url,mytwhomeinst.sendsmtp.com
url,myurinikoreaaps.ninth.biz
url,na.americanunfinished.com
url,na.onmypc.org
url,nasa.xxuz.com
url,nec.website0012.net
url,news.100fanwen.com
url,newsdata.jkub.com
url,newsfile.toythieves.com
url,newsreport.justdied.com
url,newsroom.cleansite.info
url,nezwq.ezua.com
url,ngcc.8800.org
url,niushenghuo.info
url,nk10.belowto.com
url,nk20.belowto.com
url,nlddnsinfo.https443.org
url,nmrx.mrbonus.com
url,nn.dynssl.com
url,no.authorizeddns.org
url,node.mofaess.com
url,nodns2.qipian.org
url,nposnewsinfo.qhigh.com
url,ns1.belowto.com
url,ns1.tlchs2.ml
url,ns2.belowto.com
url,ns21.belowto.com
url,ns22.belowto.com
url,ns4.belowto.com
url,ns5.belowto.com
url,nsa.mefound.com
url,nsatcdns.com
url,nt.mynumber.org
url,nttdata.otzo.com
url,nunluck.re26.com
url,nz.compress.to
url,oipbl.com
url,ol.almostmy.com
url,oldbmwy.com
url,oms.sindeali.com
url,openmofa.8866.org
url,oracleupdate.dns04.com
url,osaka-jpgo.com
url,outlook.otzo.com
url,owlmedia.mefound.com
url,p6p6.net
url,peopleinfodata.3-a.net
url,phptecinfohelp.itemdb.com
url,pictures.everydayfilmlink.com
url,pj.qpoe.com
url,points.mofaess.com
url,polopurple.com
url,pop.architectisusa.com
url,pop.loveddos.com
url,portal.mrface.com
url,portal.sendsmtp.com
url,portalser.dynamic-dns.net
url,poulsenv.com
url,praskovya-matveyeva.mefound.com
url,praskovya-ulyanova.dumb1.com
url,premium.redforlinux.com
url,products.almostmy.com
url,products.cleansite.us
url,products.serveuser.com
url,program.acmetoy.com
url,prrmes4019.r3u8.com
url,purchase.lflinkup.org
url,q6.niushenghuo.info
url,qtsofta.com
url,quick.oldbmwy.com
url,r3u8.com
url,radiorig.com
url,rain.orctldl.windowsupdate.authorizeddns.us
url,rakutenmusic.com
url,rdns-4.infoproduto1.tk
url,re26.com
url,read.xxuz.com
url,recent.dns-stuff.com
url,recent.fartit.com
url,record.hostport9.net
url,record.webssl9.info
url,record.wschandler.com
url,redforlinux.com
url,referred.gr8domain.biz
url,referred.yourtrap.com
url,register.ourhobby.com
url,registration2.instanthq.com
url,registrations.4pu.com
url,registrations.organiccrap.com
url,reports.tomorrowforgood.com
url,reserveds.onedumb.com
url,resources.applemusic.itemdb.com
url,rethem.almostmy.com
url,rg197.win
url,rlbeiydn.hi.r3u8.com
url,saiyo.exprenum.com
url,sakai.unhamj.com
url,salvaiona.com
url,sappore.cloud-maste.com
url,sapporo.cloud-maste.com
url,sapporot.com
url,sat.suayay.com
url,saverd.re26.com
url,sbuudd.webssl9.info
url,sc.weboot.info
url,scholz-versand.com
url,scorpion.poulsenv.com
url,scrlk.exprenum.com
url,sdmsg.onmypc.org
url,se.toythieves.com
url,sea.websegoo.net
url,secertnews.mrbasic.com
url,secmicrosooo.6600.org
url,secnetshit.com
url,secserverupdate.toh.info
url,sell.mofaess.com
url,sema.linuxsofta.com
url,send.have8000.com
url,send.mofa.ns01.info
url,sendmsg.jumpingcrab.com
url,senseye.ikwb.com
url,senseye.mrbonus.com
url,septdlluckysystem.jungleheart.com
url,seraphim-yurieva.justdied.com
url,serv.justdied.com
url,server1.proxydns.com
url,seyesb.acmetoy.com
url,sha.25u.com
url,sha.ikwb.com
url,shenajou.com
url,shoppingcentre.station155.com
url,shrimp.bdoncloud.com
url,shrimp.UsFfUnicef.com
url,shugiin.jkub.com
url,sindeali.com
url,singed.otzo.com
url,siteinit.info
url,sky.oldbmwy.com
url,sma.jimindaddy.com
url,smo.gadskysun.com
url,smtp.architectisusa.com
url,smtp.macforlinux.net
url,smtp230.toldweb.com
url,somthing.re26.com
url,sstday.jkub.com
url,start.usrobothome.com
url,station155.com
url,stevenlf.com
url,stone.jumpingcrab.com
url,style.u-tokyo-ac-jp.com
url,suayay.com
url,suibian2010.info
url,support1.mrface.com
url,supportus.mefound.com
url,suzukigooogle.8866.org
url,svc.dynssl.com
url,synssl.dnset.com
url,sz.thedomais.info
url,taipei.yourtrap.com
url,taipeifoodsite.ocry.com
url,tamraj.fartit.com
url,telegraph.mefound.com
url,test.usyahooapis.com
url,tfa.longmusic.com
url,tffghelth.com
url,thedomais.info
url,ticket.instanthq.com
url,ticket.jetos.com
url,ticket.serveuser.com
url,tidatacenter.shenajou.com
url,tisdatacenter.shenajou.com
url,tisupdateinfo.faqserv.com
url,tokyofile.2waky.com
url,tokyo-gojp.com
url,tomorrowforgood.com
url,tophost.dynamicdns.co.uk
url,toshste.com
url,toya.7766.org
url,transfer.lflinkup.org
url,transfer.mrbasic.com
url,transfer.vizvaz.com
url,trasul.mypicture.info
url,travelyokogawafz.fartit.com
url,trendmicroupdate.shenajou.com
url,trendsecurity.shenajou.com
url,trout.belowto.com
url,tv.goldtoyota.com
url,tw.2012yearleft.com
url,twmusic.proxydns.com
url,twpeoplemusicsite.my03.com
url,twtravelinfomation.toythieves.com
url,twx.mynumber.org
url,tyoto-go-jp.com
url,u1.FartIT.com
url,u1.haoyujd.info
url,ubuntusofta.com
url,ugreen.itemdb.com
url,ui.hdcdui.com
url,uk.dynamicdns.org.uk
url,ukuoka.cloud-maste.com
url,ultimedia.vmmini.com
url,un.ddns.info
url,un.dnsrd.com
url,unhamj.com
url,update.yourtrap.com
url,updatemirrors.fartit.com
url,updates.itsaol.com
url,ups.improvejpese.com
url,urearapetsu.com
url,usa.got-game.org
url,usa.itsaol.com
url,usa.japanteam.org
url,usffunicef.com
url,usmirocomney.net
url,usrobothome.com
url,usyahooapis.com
url,u-tokyo-ac-jp.com
url,uu.logon-live.com
url,uu.niushenghuo.info
url,ux.niushenghuo.info
url,v4.appledownload.ourhobby.com
url,v4.itunesmusic.jkub.com
url,v4.microsoftmusic.onedumb.com
url,v4.microsoftupdate.mrbasic.com
url,v4.windowsupdate.authorizeddns.org
url,v4.windowsupdate.DEDGESUITE.NET
url,v4.windowsupdate.dnset.com
url,v4.windowsupdate.itsaol.com
url,v4.windowsupdate.lflinkup.com
url,v4.windowsupdate.mrface.com
url,v4.windowsupdate.nsatcdns.com
url,v4.windowsupdate.x24hr.com
url,v4.windowsupdates.dnsrd.com
url,veryhuai.info
url,video.vmdnsup.org
url,vmdnsup.org
url,vmmini.com
url,vmyiersend.WEBSAGO.INFO
url,vmyisan.website0012.net
url,vscue.com
url,wchildress.com
url,wcwname.com
url,wcxh.mynetav.net
url,wdsupdates.com
url,webbooting.com
url,webdirectnews.dynamicdns.biz
url,webinfoseco.ygto.com
url,webmailentry.jetos.com
url,weboot.info
url,websago.info
url,websegoo.net
url,website0012.net
url,websiteboo.website0012.net
url,websqlnewsmanager.ninth.biz
url,webssl9.info
url,well.itsaol.com
url,well.mrbasic.com
url,whale.toshste.com
url,whellbuy.wschandler.com
url,whyis.haoyujd.info
url,wike.wikaba.com
url,windowfile.itemdb.com
url,windowsimages.itemdb.com
url,windowsimages.qhigh.com
url,windowsmirrors.vizvaz.com
url,windowsstores.gettrials.com
url,windowsstores.organiccrap.com
url,windowsupdate.2waky.com
url,windowsupdate.3-a.net
url,windowsupdate.acmetoy.com
url,windowsupdate.authorizeddns.net
url,windowsupdate.authorizeddns.org
url,windowsupdate.authorizeddns.us
url,windowsupdate.dedgesuite.net
url,windowsupdate.dns05.com
url,windowsupdate.dnset.com
url,windowsupdate.esmtp.biz
url,windowsupdate.ezua.com
url,windowsupdate.fartit.com
url,windowsupdate.gettrials.com
url,windowsupdate.instanthq.com
url,windowsupdate.itsaol.com
url,windowsupdate.jungleheart.com
url,windowsupdate.lflink.com
url,windowsupdate.mrface.com
url,windowsupdate.mylftv.com
url,windowsupdate.nsatcdns.com
url,windowsupdate.organiccrap.com
url,windowsupdate.rebatesrule.net
url,windowsupdate.sellclassics.com
url,windowsupdate.serveusers.com
url,windowsupdate.vizvaz.com
url,windowsupdate.wcwname.com
url,windowsupdate.x24hr.com
url,windowsupdate.ygto.com
url,windowsupdates.dnset.com
url,windowsupdates.ezua.com
url,windowsupdates.ikwb.com
url,windowsupdates.itemdb.com
url,windowsupdates.proxydns.com
url,workerisgood.com
url,woyaofanwen.com
url,wschandler.com
url,wthelpdesk.com
url,wubangtu.info
url,www.2014.zzux.com
url,www.97sm.com
url,www.9gowg.tech
url,www.abdominal.faqserv.com
url,www.additional.sexidude.com
url,www.afc.https443.org
url,www.androidmusicapp.onmypc.us
url,www.announcements.toythieves.com
url,www.anx-own-334.mrbasic.com
url,www.apple.ikwb.com
url,www.appledownload.ourhobby.com
url,www.appleimages.itemdb.com
url,www.appleimages.longmusic.com
url,www.appleimages.organiccrap.com
url,www.applejuice.itemdb.com
url,www.applemirror.organiccrap.com
url,www.applemirror.squirly.info
url,www.applemusic.isasecret.com
url,www.applemusic.itemdb.com
url,www.applemusic.wikaba.com
url,www.applemusic.xxuz.com
url,www.applemusic.zzux.com
url,www.appleupdate.itemdb.com
url,www.appleupdateurl.2waky.com
url,www.architectisusa.com
url,www.army.xxuz.com
url,www.art.p6p6.net
url,www.asfzx.x24hr.com
url,www.availab.wikaba.com
url,www.availability.justdied.com
url,www.babymusicsitetr.mymom.info
url,www.back.jungleheart.com
url,www.balance1.wikaba.com
url,www.be.mrslove.com
url,www.belowto.com
url,www.billing.organiccrap.com
url,www.blaaaaaaaaaaaa.windowsupdate.3-a.net
url,www.brand.fartit.com
url,www.bulletproof.squirly.info
url,www.cabbage.iownyour.biz
url,www.ccupdatedata.authorizeddns.net
url,www.cdn.incloud-go.com
url,www.center.shenajou.com
url,www.chaindungeons.com
url,www.cia.ezua.com
url,www.cia.toh.info
url,www.civilwar123.authorizeddns.org
url,www.civilwar520.onmypc.org
url,www.cloud-maste.com
url,www.cnnews.mylftv.com
url,www.commissioner.shenajou.com
url,www.commons.onedumb.com
url,www.contractus.qpoe.com
url,www.corp-dnsonline.itsaol.com
url,www.courier.jetos.com
url,www.cress.mynetav.net
url,www.ctdl.windowsupdate.nsatcdns.com
url,www.ctldl.microsoftupdate.qhigh.com
url,www.ctldl.windowsupdate.authorizeddns.us
url,www.ctldl.windowsupdate.esmtp.biz
url,www.ctldl.windowsupdate.mrface.com
url,www.cwiinatonal.com
url,www.dasoftactivemodule.toythieves.com
url,www.dasonews.youdontcare.com
url,www.daughter.vizvaz.com
url,www.de.onmypc.info
url,www.details.squirly.info
url,www.development.shenajou.com
url,www.devilcase.acmetoy.com
url,www.disruptive.https443.net
url,www.dns-hinettw.25u.com
url,www.document.shenajou.com
url,www.domainnow.yourtrap.com
url,www.download.windowsupdate.nsatcdns.com
url,www.ea.onmypc.info
url,www.eddo.qpoe.com
url,www.ehshiroshima.mylftv.com
url,www.eric-averyanov.wha.la
url,www.eu.acmetoy.com
url,www.eu.wha.la
url,www.express.lflinkup.com
url,www.extraordinary.dynamic-dns.net
url,www.f068v.site
url,www.facefile.fartit.com
url,www.fertile.authorizeddns.net
url,www.file.zzux.com
url,www.findme.epac.to
url,www.fire.mrface.com
url,www.firstnews.jkub.com
url,www.fjs.wikaba.com
url,www.foal.wchildress.com
url,www.fr.wikaba.com
url,www.freegamecenter.onedumb.com
url,www.fruit.qhigh.com
url,www.fuck.ikwb.com
url,www.fuckmm.dns-dns.com
url,www.fukuoka.cloud-maste.com
url,www.g3ypf.online
url,www.garlic.dyndns.pro
url,www.generat.almostmy.com
url,www.glicense.shenajou.com
url,www.goldtoyota.com
url,www.goodmusic.justdied.com
url,www.gooesdataios.instanthq.com
url,www.grammar.jkub.com
url,www.helpus.ddns.info
url,www.hii.qhigh.com
url,www.hinetonlinedns.dns05.com
url,www.incloud-go.com
url,www.innocent-isayev.sexidude.com
url,www.interpreter.shenajou.com
url,www.invoices.sexxxy.biz
url,www.iphone.vizvaz.com
url,www.ipv4.microsoftupdate.mrbasic.com
url,www.ipv4.windowsupdate.3-a.net
url,www.ipv4.windowsupdate.esmtp.biz
url,www.ipv4.windowsupdate.fartit.com
url,www.ipv4.windowsupdate.lflink.com
url,www.ipv4.windowsupdate.mrface.com
url,www.ipv4.windowsupdate.mylftv.com
url,www.ipv4.windowsupdate.nsatcdns.com
url,www.itlans.isasecret.com
url,www.itunesdownload.jkub.com
url,www.itunesdownload.vizvaz.com
url,www.itunesdownload.wikaba.com
url,www.itunesimages.itemdb.com
url,www.itunesimages.itsaol.com
url,www.itunesimages.qpoe.com
url,www.itunesmirror.fartit.com
url,www.itunesmirror.itsaol.com
url,www.itunesmusic.ikwb.com
url,www.itunesmusic.jetos.com
url,www.itunesmusic.jkub.com
url,www.itunesmusic.zzux.com
url,www.itunesupdate.itsaol.com
url,www.itunesupdates.organiccrap.com
url,www.japanenvnews.qpoe.com
url,www.jd978.com
url,www.jimin.jimindaddy.com
url,www.jimin.mymom.info
url,www.jp.serveuser.com
url,www.jpnappstore.ourhobby.com
url,www.jpnewslogs.sendsmtp.com
url,www.jpnxzshopdata.authorizeddns.org
url,www.kawasaki.cloud-maste.com
url,www.kawasaki.unhamj.com
url,www.key.zzux.com
url,www.knowledge.sellclassics.com
url,www.lan.dynssl.com
url,www.last.p6p6.net
url,www.latestnews.epac.to
url,www.latestnews.organiccrap.com
url,www.leedong.longmusic.com
url,www.leeks.mrbonus.com
url,www.liberty.acmetoy.com
url,www.license.shenajou.com
url,www.lion.wchildress.com
url,www.loveddos.com
url,www.macfee.mrface.com
url,www.macforlinux.net
url,www.maffc.mrface.com
url,www.malware.dsmtp.com
url,www.manager.jetos.com
url,www.markabcinfo.dynamicdns.me.uk
url,www.mason.vizvaz.com
url,www.mediapath.organiccrap.com
url,www.meiji-ac-jp.com
url,www.messagea.emailfound.info
url,www.microsoft.got-game.org
url,www.microsoft.mrface.com
url,www.microsoftempowering.sendsmtp.com
url,www.microsoftgame.mrface.com
url,www.microsoftgetstarted.sexidude.com
url,www.microsoftimages.organiccrap.com
url,www.microsoftmirror.mrbasic.com
url,www.microsoftmusic.itemdb.com
url,www.microsoftmusic.mrbasic.com
url,www.microsoftqckmanager.pcanywhere.net
url,www.microsoftupdate.mrbasic.com
url,www.microsoftupdate.qhigh.com
url,www.micrsoftware.dsmtp.com
url,www.mircsoft.compress.to
url,www.mmy.ddns.us
url,www.mod.jetos.com
url,www.mofa.dynamic-dns.net
url,www.mofa.ns01.info
url,www.moonnightthse.zyns.com
url,www.moscowdic.trickip.org
url,www.moscowstdsupdate.toythieves.com
url,www.mseupdate.ourhobby.com
url,www.msg.ezua.com
url,www.msn.incloud-go.com
url,www.musicfile.ikwb.com
url,www.musicjj.zzux.com
url,www.musicsecph.squirly.info
url,www.mymusicbox.lflinkup.org
url,www.mymusicbox.vizvaz.com
url,www.myrestroomimage.isasecret.com
url,www.mytwhomeinst.sendsmtp.com
url,www.myurinikoreaaps.ninth.biz
url,www.na.americanunfinished.com
url,www.na.onmypc.org
url,www.networkjpnzee.mynetav.org
url,www.newcityoforward.rebatesrule.net
url,www.newdnssec-info.4mydomain.com
url,www.newsdata.jkub.com
url,www.newsfile.toythieves.com
url,www.newsroom.cleansite.info
url,www.nlddnsinfo.https443.org
url,www.no.authorizeddns.org
url,www.nposnewsinfo.qhigh.com
url,www.nsa.mefound.com
url,www.nt.mynumber.org
url,www.nttdata.otzo.com
url,www.nuisance.serveusers.com
url,www.nz.compress.to
url,www.ol.almostmy.com
url,www.oldbmwy.com
url,www.onion.jkub.com
url,www.onlinednsserver.sendsmtp.com
url,www.oracleupdate.dns04.com
url,www.oyster.jkub.com
url,www.p6p6.net
url,www.packetsdsquery.dns05.com
url,www.pepper.sexxxy.biz
url,www.phptecinfohelp.itemdb.com
url,www.pickled.myddns.com
url,www.polopurple.com
url,www.portal.mrface.com
url,www.portal.sendsmtp.com
url,www.portalser.dynamic-dns.net
url,www.praskovya-matveyeva.mefound.com
url,www.praskovya-ulyanova.dumb1.com
url,www.products.almostmy.com
url,www.products.cleansite.us
url,www.products.serveuser.com
url,www.purchase.lflinkup.org
url,www.rainbow.mypop3.org
url,www.re26.com
url,www.read.xxuz.com
url,www.recent.dns-stuff.com
url,www.recent.fartit.com
url,www.redflower.isasecret.com
url,www.referred.gr8domain.biz
url,www.referred.yourtrap.com
url,www.register.ourhobby.com
url,www.registration2.instanthq.com
url,www.registrations.4pu.com
url,www.registrations.organiccrap.com
url,www.remeberdata.iownyour.org
url,www.reserveds.onedumb.com
url,www.rethem.almostmy.com
url,www.rg197.win
url,www.sakai.unhamj.com
url,www.sapporo.cloud-maste.com
url,www.sauerkraut.sellclassics.com
url,www.saverd.re26.com
url,www.sbuudd.webssl9.info
url,www.sdmsg.onmypc.org
url,www.se.toythieves.com
url,www.secertnews.mrbasic.com
url,www.secnetshit.com
url,www.secserverupdate.toh.info
url,www.senseye.ikwb.com
url,www.senseye.mrbonus.com
url,www.septdlluckysystem.jungleheart.com
url,www.seraphim-yurieva.justdied.com
url,www.serv.justdied.com
url,www.server1.proxydns.com
url,www.seyesb.acmetoy.com
url,www.showy.almostmy.com
url,www.shugiin.jkub.com
url,www.sindeali.com
url,www.singed.otzo.com
url,www.sojourner.mypicture.info
url,www.sstday.jkub.com
url,www.support1.mrface.com
url,www.supportus.mefound.com
url,www.svc.dynssl.com
url,www.sweetheart.sexxxy.biz
url,www.synssl.dnset.com
url,www.tamraj.fartit.com
url,www.telegraph.mefound.com
url,www.tfa.longmusic.com
url,www.thunder.wikaba.com
url,www.ticket.instanthq.com
url,www.ticket.serveuser.com
url,www.tisupdateinfo.faqserv.com
url,www.tokyofile.2waky.com
url,www.tophost.dynamicdns.co.uk
url,www.transfer.lflinkup.org
url,www.transfer.mrbasic.com
url,www.transfer.vizvaz.com
url,www.twgovernmentinfo.acmetoy.com
url,www.twsslpopservupro.dynssl.com
url,www.ugreen.itemdb.com
url,www.uk.dynamicdns.org.uk
url,www.un.ddns.info
url,www.un.dnsrd.com
url,www.unhamj.com
url,www.usa.itsaol.com
url,www.usffunicef.com
url,www.usliveupdateonline.ygto.com
url,www.ut-portal-u-tokyo-ac-jp.tyoto-go-jp.com
url,www.v4.windowsupdate.mrface.com
url,www.v4.windowsupdate.nsatcdns.com
url,www.vmmini.com
url,www.wchildress.com
url,www.webdirectnews.dynamicdns.biz
url,www.webmailentry.jetos.com
url,www.websqlnewsmanager.ninth.biz
url,www.well.itsaol.com
url,www.well.mrbasic.com
url,www.windowfile.itemdb.com
url,www.windowsimages.itemdb.com
url,www.windowsimages.qhigh.com
url,www.windowsmirrors.vizvaz.com
url,www.windowsupdate.2waky.com
url,www.windowsupdate.3-a.net
url,www.windowsupdate.acmetoy.com
url,www.windowsupdate.authorizeddns.net
url,www.windowsupdate.authorizeddns.org
url,www.windowsupdate.authorizeddns.us
url,www.windowsupdate.dns05.com
url,www.windowsupdate.dnset.com
url,www.windowsupdate.esmtp.biz
url,www.windowsupdate.ezua.com
url,www.windowsupdate.fartit.com
url,www.windowsupdate.gettrials.com
url,www.windowsupdate.instanthq.com
url,www.windowsupdate.itsaol.com
url,www.windowsupdate.jungleheart.com
url,www.windowsupdate.lflink.com
url,www.windowsupdate.mrface.com
url,www.windowsupdate.mylftv.com
url,www.windowsupdate.nsatcdns.com
url,www.windowsupdate.organiccrap.com
url,www.windowsupdate.rebatesrule.net
url,www.windowsupdate.sellclassics.com
url,www.windowsupdate.serveusers.com
url,www.windowsupdate.x24hr.com
url,www.yahoo.incloud-go.com
url,www.yandexr.sellclassics.com
url,www.yeahyeahyeahs.3322.org
url,www.yokohamajpinstaz.mrbonus.com
url,www.zaigawebinfo.rebatesrule.net
url,www.zebra.incloud-go.com
url,www2.qpoe.com
url,www2.zyns.com
url,www2.zzux.com
url,www-meti-go-jp.tyoto-go-jp.com
url,x7.usyahooapis.com
url,xi.dyndns.pro
url,xi.sexxxy.biz
url,xread10821.9966.org
url,xsince.tk
url,xt.dnset.com
url,xyrn998754.2288.org
url,yahoo.incloud-go.com
url,yallago.cu.cc
url,yandexr.sellclassics.com
url,yeahyeahyeahs.3322.org
url,yeap1.jumpingcrab.com
url,yfrfyhf.youdontcare.com
url,yo.acmetoy.com
url,za.myftp.info
url,zabbix.servercontrols.pw
url,zaigawebinfo.rebatesrule.net
url,zccw.cc
url,zebra.bdoncloud.com
url,zebra.incloud-go.com
url,zebra.unhamj.com
url,zebra.UsFfUnicef.com
url,zebra.wthelpdesk.com
url,zero.pcanywhere.net
url,zg.ns02.biz
url,zone.demoones.com
email,AliceCLopez@india.com
email,abellonav.poulsen@yandex.com
email,adam8881985@163.com
email,AletaFNowak@india.com
email,almawu@gmail.com
email,AngelaJBirkholz@india.com
email,armandovalcala@india.com
email,AryBFulton@india.com
email,bettywbatts@india.com
email,brownrobin20@yahoo.com
email,CarlBGable@india.com
email,CarlosBPierson@india.com
email,ChrisTDawkins@india.com
email,ClementBCarico@india.com
email,cvnxus@yahoo.com
email,CynthiaRNickerson@india.com
email,DarrenMCrow@india.com
email,DeborahAStutler@india.com
email,DonnaJMcCray@india.com
email,ElisabethBGreen@india.com
email,EmilyGLessard@india.com
email,esmeraldatyates@india.com
email,ginakpiller@india.com
email,gloriarpaige@india.com
email,GordonESlavin@india.com
email,GordonESlavin@india.com
email,IvoryDStallcup@india.com
email,jhon.880000@gmail.com
email,juanitardunham@india.com
email,JudithAMartel@india.com
email,katherinektaggart@india.com
email,liuhua19820616@gmail.com
email,LynnJOwens@india.com
email,MarisaKParr@india.com
email,MeganFDelgado@india.com
email,NathanABecker@india.com
email,PearlJBrown@india.com
email,PearlJPoole@india.com
email,RaymondRKimbrell@india.com
email,RobertJButler@india.com
email,RobertMKnight@india.com
email,robertorivera@india.com
email,ronaldsfreeman@india.com
email,RufinaRWebb@india.com
email,sarahnbosch@india.com
email,shenajouellette@india.com
email,stephenjerry68@gmail.com
email,SteveCBrown@india.com
email,stevenlf@india.com
email,tomj0981@gmail.com
email,TomSBatson@india.com
email,toshsteffensen2@yandex.com
email,VeraTPerkins@india.com
email,wangtongbao1957@gmail.com
email,wangyong198505@gmail.com
email,wenonatmcmurray@india.com
email,whthoughtful@163.com
email,WitaTBiles@india.com
email,yangyong19810826@gmail.com
email,zhengyanbin8@gmail.com
ipv4,103.208.86.129
ipv4,104.143.36.190
ipv4,104.224.166.148
ipv4,107.181.160.109
ipv4,109.237.108.150
ipv4,109.237.108.202
ipv4,109.237.111.175
ipv4,109.248.222.85
ipv4,110.10.176.181
ipv4,115.231.22.76
ipv4,123.1.186.28
ipv4,138.128.206.253
ipv4,138.68.19.47
ipv4,144.168.45.116
ipv4,147.255.106.213
ipv4,151.101.100.73
ipv4,151.236.20.16
ipv4,158.255.208.170
ipv4,158.255.208.189
ipv4,158.255.208.61
ipv4,160.202.163.79
ipv4,160.202.163.81
ipv4,160.202.163.82
ipv4,160.202.163.87
ipv4,160.202.163.90
ipv4,160.202.163.91
ipv4,162.218.117.204
ipv4,169.239.128.143
ipv4,175.126.148.108
ipv4,185.117.88.124
ipv4,185.117.88.127
ipv4,185.117.88.77
ipv4,185.117.88.78
ipv4,185.117.88.80
ipv4,185.117.88.81
ipv4,185.117.88.82
ipv4,185.133.40.63
ipv4,185.14.185.189
ipv4,185.141.25.33
ipv4,185.189.13.4
ipv4,185.29.8.211
ipv4,192.199.253.7
ipv4,192.199.254.252
ipv4,192.225.226.98
ipv4,199.193.252.27
ipv4,211.110.17.209
ipv4,213.183.57.100
ipv4,23.110.64.147
ipv4,23.252.105.137
ipv4,23.89.193.34
ipv4,31.184.197.215
ipv4,31.184.197.227
ipv4,31.184.198.23
ipv4,31.184.198.38
ipv4,37.187.7.74
ipv4,37.235.52.18
ipv4,38.72.112.45
ipv4,38.72.114.16
ipv4,38.72.115.9
ipv4,45.62.112.161
ipv4,46.108.39.134
ipv4,50.2.160.104
ipv4,52.74.213.16
ipv4,52.74.71.131
ipv4,52.76.51.54
ipv4,54.148.105.251
ipv4,54.169.122.20
ipv4,54.169.171.178
ipv4,54.169.193.86
ipv4,54.179.155.249
ipv4,54.179.173.99
ipv4,54.183.136.16
ipv4,54.183.146.137
ipv4,54.199.193.191
ipv4,54.215.244.1
ipv4,54.219.159.154
ipv4,54.67.66.177
ipv4,54.68.71.43
ipv4,54.69.147.202
ipv4,59.188.136.102
ipv4,61.97.241.239
ipv4,61.97.241.251
ipv4,67.205.132.17
ipv4,78.153.149.130
ipv4,78.153.151.222
ipv4,81.176.239.56
ipv4,83.217.26.203
ipv4,86.106.102.117
ipv4,86.106.102.3
ipv4,89.34.237.11
ipv4,93.170.128.166
ipv4,95.183.52.35
ipv4,95.183.52.57
ipv4,95.47.156.86
ipv4,96.39.210.49
filehash-md5,001B8F696B6576798517168CD0A0FB44
filehash-md5,007F5599898AB9013672226B4C5F57E1
filehash-md5,01468A69CA8676B51A357676E0856C88
filehash-md5,018509C1165817D4B0A3E728EAB41EA0
filehash-md5,0232172544079FF42890DB4FD248CC11
filehash-md5,0506CF6D4E86C9AD1D4EA985F43582C6
filehash-md5,05138BD38F7C63313CB72B4ED5C241FA
filehash-md5,05C974FA1E5C11E472706F98C9923F61
filehash-md5,0687D9CD29D39C98ABA312A0BAAA4506
filehash-md5,076EC3AA6B0CB93E7D4CD607F3CED946
filehash-md5,07ABD6583295061EAC2435AE470EFF78
filehash-md5,08709F35581E0958D1CA4E50B7D86DBA
filehash-md5,08A268A4C473F9920B254A6B6FC62548
filehash-md5,08A3259648AE99053BA24AA60A309770
filehash-md5,08F10881E2C57EB6F7368B7C06735826
filehash-md5,0921D7B4BF06276F4F59C85EB240DA29
filehash-md5,098BFD5C1E7A5CF9F914C09ABACB58F9
filehash-md5,0991C9C0797D5299AD29BA55A87F13A6
filehash-md5,0AD3ED5588EEC7BA4988C8892A5C2946
filehash-md5,0B6845FBFA54511F21D93EF90F77C8DE
filehash-md5,0B87F38F9151EF81E07C2CDD8A602335
filehash-md5,0C0A39E1CAB4FC9896BDF5EF3C96A716
filehash-md5,0DC209A146D163F70A8F7D2A6CFD33E1
filehash-md5,0EA8B5118943827DB26DD07785180909
filehash-md5,0F3F59190054C95B9001BAA3F2AEA917
filehash-md5,0F6B00B0C5A26A5AA8942AE356329945
filehash-md5,102494D665B137BF91E902076F339185
filehash-md5,10C13A817BF7622B2359D1816BE4C122
filehash-md5,11EA8D8DD0FFDE8285F3C0049861A442
filehash-md5,13CDD0D9F222A47589C5C71FA3AC2CBE
filehash-md5,15FAECBBC412A7C3BD1049D77BC7618B
filehash-md5,16AB92CC9A5D40CF0E3FA01FED0DD80F
filehash-md5,17B8E6AC3830AD58AFE1A70DF4319FAE
filehash-md5,184DD07BC91CC915AEBF157A8B28066D
filehash-md5,19417F7551BC54DB6783823325557773
filehash-md5,19609562AE8DF094B1F6E313AFF21359
filehash-md5,19610F0D343657F6842D2045E8818F09
filehash-md5,1A14BD60F4C49D1AEBD245968A3A654F
filehash-md5,1B1588507439CF700F411336E40B94A1
filehash-md5,1B50E838BABCD80AB95CFF14BDF22A69
filehash-md5,1B851BB23578033C79B8B15313B9C382
filehash-md5,1B891BC2E5038615EFAFABE48920F200
filehash-md5,1BC481CB01B205095C86174A171676D8
filehash-md5,1C3FE3EC1148FA72C18E2FCC3CDB354F
filehash-md5,1D0105CF8E076B33ED499F1DFEF9A46B
filehash-md5,1D3EBCED0619F8E399A91735A05CF617
filehash-md5,1ECBFF1A46A8EC9A0C3EE45A390950A0
filehash-md5,200C06F1BE562A09CAFAB07D22838767
filehash-md5,20E5D623AF9AFE095EF449CB9B6C9B46
filehash-md5,21567CCE2C26E7543B977A205845BA77
filehash-md5,223D1396F2B5B7719702C980CBD1D6C0
filehash-md5,22D799E3FE58E5D10341080D370B683E
filehash-md5,233368858A54E5F41F28DBBB7B9BB245
filehash-md5,234257C192CAA419D14096F104B03E06
filehash-md5,23D03EE4BF57DE7087055B230DAE7C5B
filehash-md5,24C2661AECE1C089AA57C6EFA7380E9D
filehash-md5,250495A936DD186B689438AAB3CEA65B
filehash-md5,251A5361EFA82FB66E0832CC2DE63B93
filehash-md5,257B3ED1145C25E3E67F83F61A637034
filehash-md5,25A11276AA992478F4C21C64EE409B35
filehash-md5,25A2BB2EDA3C432A4C1CE481D9CEB2E6
filehash-md5,2685D8EB6009FD7F03956928F08071DE
filehash-md5,26C7326F4449C1337FC42E43CA0790DD
filehash-md5,26F932C0FF3DD6BBF0361A6B97343B1A
filehash-md5,28D5FB5D73C7F9B442827FA1A3C09E29
filehash-md5,291976BA47CEC4B3C0E31CBC50AB1923
filehash-md5,2A92AFF566D6B1253E5C63336C32DF73
filehash-md5,2B7DB3F35255C34676570DCFF88CC7B3
filehash-md5,2BD698AE474B18CF4748EDD99BD6C9E7
filehash-md5,2D1E048030C27E2D57F0448DF78142F6
filehash-md5,312D49A05B6EFFE1F2EF2775C13B4382
filehash-md5,3160654955F818072F6F8A8782E0F16F
filehash-md5,32D85825A7F627CDF8070A379B6B464F
filehash-md5,33C50A7EC7FC4CD601801EED093DC620
filehash-md5,343974937D2A9A83EA08828CF447A53E
filehash-md5,354B40F155BEEFCAC3A41C2FFABBF6C8
filehash-md5,35947B085E4593CCF38A5EB26CA4D4CF
filehash-md5,3643D7D278316EB23E852638CEF4E51C
filehash-md5,37A5D27D49385F4E8EDB94AD83B38164
filehash-md5,37C89F291DBE880B1F3AC036E6B9C558
filehash-md5,392F15C431C00F049BB1282847D8967F
filehash-md5,3AFA9243B3AEB534E02426569D85E517
filehash-md5,3CBB5664D70BBE62F19EE28F26F21D7E
filehash-md5,3D83DF756CC1E575755A7A3A8D9D8AFC
filehash-md5,3DCA6CBF1981AB987987966228D95E55
filehash-md5,40AE680E0F9CF3AE344AD97C55723AA9
filehash-md5,410774441B39165380ECB50598D7A799
filehash-md5,429F5048462FD037E3AD7F8A211004C6
filehash-md5,42C6E38375E46075EB1ABD7A41AE15C5
filehash-md5,433F5DC5546D98CC9E4597B342DF31CF
filehash-md5,454A7F651E366EC0982216AE8D45544D
filehash-md5,45F5B2404EEFE7672534BCD13466987D
filehash-md5,472B1710794D5C420B9D921C484CA9E8
filehash-md5,4840EE7971322E1A6DA801643432B25F
filehash-md5,486A97E513B02BDE9E61F16EC8C55A01
filehash-md5,492C9EA17E215053DB1C214BB369684F
filehash-md5,494E65CF21AD559FCCF3DACDD69ACC94
filehash-md5,4A076785E9786324BB852DD5BC27F10B
filehash-md5,4B7CC736E85F6C2D128A78C69280F12C
filehash-md5,4D3C31E95879CA85CAADAAD0C91974E3
filehash-md5,4D449395552584EF28C7DEA47E54CB30
filehash-md5,4D4ECAA074E5BAB3ECC0C68DE10687E5
filehash-md5,4E6BF299554A356E91E9D230014075FC
filehash-md5,4EB8A6B39B3F8E952473874F99225B2C
filehash-md5,4F505CA0EA4540E6662DEF1C1DDADD03
filehash-md5,50B03A4D7FF45C2D8724DE1292C1B8F4
filehash-md5,51ABC29C8F832A6ED57B6D9BDF05AC1F
filehash-md5,52F6A991FEB2785451D66B49F287E588
filehash-md5,531A86012F2250E97A75323B9B64D63A
filehash-md5,5359C9CD0936D10B88B6BCE295026EA9
filehash-md5,53C8096033DB54E5EC3D5EB9AC080FC4
filehash-md5,55B8690C0AAE4E500E645D5F49CE5A13
filehash-md5,578B17334312F81934ADFED048FFDAFD
filehash-md5,57A797DFF7BB1D26074845A72E2E70D2
filehash-md5,583AB1678588B754899B9D2C58F20AA2
filehash-md5,584F13C639ECF696781515A593234DEB
filehash-md5,58553DCF4F13B6EC1DDE8BA2A58EC8E9
filehash-md5,588F58AFC2298E6B31E44EBC86AEE104
filehash-md5,59A3FF3496740CEEA97FF70A980BC3AE
filehash-md5,5A78974DF88AB6A67BB72A5C7A437FB2
filehash-md5,5B425DCF90DF36706BCDD21438D6D32A
filehash-md5,5C5401FD7D32F481570511C73083E9A1
filehash-md5,5E0091C529D7D43F803C2CFFF5DE28D7
filehash-md5,5E8D1E8518D10893EAB0B1B1EBB6C97D
filehash-md5,5ED1CB6E270A66D593478EBFEFD7213D
filehash-md5,5EF46462597297547BE10A6AC9A28247
filehash-md5,5F3B25E36F6C6637EB08DCCA1C3A8ED6
filehash-md5,61C886305F490C0F1B6A9407AEB01596
filehash-md5,6257E9973EB355B73D7610BE8C1F0663
filehash-md5,6285CBA13FC5C2538E31C7F2529C7069
filehash-md5,62898B77BD9E8E286D6BC760F3E28981
filehash-md5,65EACB6FEC60AD22CA32B47E8F50A907
filehash-md5,667989FFA5E77943F3384E78ADF93510
filehash-md5,66FAE10B1E063CBACA1E1D58D56C13CD
filehash-md5,684888079AAF7ED25E725B55A3695062
filehash-md5,686BB59EA637FB3AF214C8C21761CDA8
filehash-md5,69F8AC18B047AA0C70EAF982FA1E483C
filehash-md5,6A3B8D24C125F3A3C7CFF526E63297F3
filehash-md5,6B27330B779541AE8F3DE7A491A19D8F
filehash-md5,6F3D15CF788E28CA504A6370C4FF6A1E
filehash-md5,6F5648EA4CA8A65C36C328C5AE8AC096
filehash-md5,6FEA7954AB3D31414946D95E72F3152C
filehash-md5,6FF16AFC92CE09ACD2E3890B780EFD86
filehash-md5,7007B54E7E3F84844086D5320806788E
filehash-md5,726788726DFB19231C6FC9C83EE2F392
filehash-md5,72F50A28656FA65B6D770AF89ED82D69
filehash-md5,730C2D11835D2D8804D5A93B67CD8FE2
filehash-md5,75500BB4143A052795EC7D2E61AC3261
filehash-md5,7891F00DCAB0E4A2F928422062E94213
filehash-md5,78A4FEE0E7B471F733F00C6E7BCA3D90
filehash-md5,78C309BE8437E7C1D2DD3F12D7C034C8
filehash-md5,79E5A1D9ADAD4D64C8F5BE2EB8345605
filehash-md5,7AF04A468DE09C519681DCB0BD77030B
filehash-md5,7BEE1D0709169E07DB6182E65DC50B60
filehash-md5,7F9692BA1A14C9C5EA97D6182F07051B
filehash-md5,7FE3E44991C645642119FCC683BD62DF
filehash-md5,80FA12D221ADBA53B8E7F9514960F945
filehash-md5,81F1D7BEC990A29A9552BD430006CED9
filehash-md5,82F926009C06DFA452714608DA21CB77
filehash-md5,8312E9BD38F9116214D32C5A829E9529
filehash-md5,83448FC10F297A6968AEDA7C02B09051
filehash-md5,839698D0419D06A511F421B065E04F5B
filehash-md5,841DFE3EAAFE68CC0B989FBF55A34C9C
filehash-md5,84E767032054E0C2FEF5764FB60679F4
filehash-md5,850A7E877D8E68188714FF5344F6FC15
filehash-md5,89C501BE309678BE8C30F81A328DAAF7
filehash-md5,89CDAE384C49F321A22DFB848CFA46ED
filehash-md5,8A21337BE17E1E921EEB4D1B9C1B4773
filehash-md5,8A93859E5F7079D6746832A3A22FF65C
filehash-md5,8AF979B96C28131F394E267C6210BA91
filehash-md5,8C9E843D62FF89F15C25517EFF02497B
filehash-md5,8D6B6E023B4221BAE8ED37BB18407516
filehash-md5,8ECE7DE82E1BDD4659A122C06EA9533E
filehash-md5,923C0E5DEC753E3B7EB6D8F441A7206F
filehash-md5,93A4328E1E347447044146B53972CD37
filehash-md5,94BDC9DED334ECEEDFA288FFDD03E30F
filehash-md5,95DA3987C6EBD2646E90B7C2A42C19A7
filehash-md5,994FDC67386BD33BF849DD97ADC04244
filehash-md5,99D33C40D22A14F90DD6CDB1D639163B
filehash-md5,9A014C33F9A9958FFBCF99D2A71D52FE
filehash-md5,9A8C76271210324D97A232974CA0A6A3
filehash-md5,9AF4C1E5BB81BF2DF607653FCC25915A
filehash-md5,9DA42D0BCE9F5DBF22D33DF77C561BDA
filehash-md5,9DF608F5BD1E6D2CAC11950CF8A75A80
filehash-md5,9ED1164F4F6A337CDE2BA6E7C72730CF
filehash-md5,9EE006601C5EE9F6F1992EC38FED63F6
filehash-md5,9EE1D2DF2ABE915B84980AF9675F4180
filehash-md5,9FB73E749107447FCCD5BB48627FD6A9
filehash-md5,A02610E760FA15C064931CFAFB90A9E8
filehash-md5,A07FEA56B45D0D1EBB6DF4589E750464
filehash-md5,A1942D1CC7552387393B91A14C9A3D73
filehash-md5,A1D0F8895052B60C4D2860556494F233
filehash-md5,A2768B46A48C72E6F183C99333C14FF6
filehash-md5,A32468828C12657497CDDF57190F5700
filehash-md5,A50C5BA8A92C7B199AC9E20A815D9E69
filehash-md5,A7517905E08EFD0ADD3A0C3C7BA95388
filehash-md5,A75BEA992CEF46C1A4EE5146150540AA
filehash-md5,A79F96647C4CA5527E56057D5173AB47
filehash-md5,AB57A44D58DAD47314048C8B3CCFF60B
filehash-md5,AC0FF4BAD83350B7DDE27AF8728A469F
filehash-md5,AC725400D9A5FE832DD40A1AFB2951F8
filehash-md5,AC86C256B30534D5EDE4A0DF1019507E
filehash-md5,AE3C3741C6FC6FE9BAFAE5FD352E58F7
filehash-md5,AED6EC002370818DDAB2CA164A6B4E18
filehash-md5,B0263050FDC7C6AE3836F43C7FFDD7B0
filehash-md5,B0649C1F7FB15796805CA983FD8F95A3
filehash-md5,B0F541CD6BFF77DE916E58D493F54B10
filehash-md5,B18A316B2CE6E099FE7FBF69283CBC5E
filehash-md5,B2DFE6D3BE38CEF08E9A3141CA3599C0
filehash-md5,B3139B26A2DABB9B6E728884D8FA8B33
filehash-md5,B332234F01EC229A03C0C60045F37072
filehash-md5,B34402586A077B7ED11B44D042C7AABF
filehash-md5,B42062A6947C8801F5A35C365F09BCA4
filehash-md5,B45318FE5C373CF4E252BAEA82FB0337
filehash-md5,B4BEA824C539785DEDB83C8599C90255
filehash-md5,B66816052C2A29CD5449D990341252AE
filehash-md5,B872AD1460AEB948D1E0AD71A92789D2
filehash-md5,B9456BEFF99AE2DC1A5321A10B0014EA
filehash-md5,BABD8CD2F24C809FEDEC1A5642B5FE46
filehash-md5,BD1AE82185D3EB0A8C8C615E710240AC
filehash-md5,BD64660692B84E2B6FCB25D02CECBBCB
filehash-md5,BDD054DE9E710830AC04B6F076FC5F71
filehash-md5,C0C8DCC9DAD39DA8278BF8956E30A3FC
filehash-md5,C1CB28327D3364768D1C1E4CE0D9BC07
filehash-md5,C1E5C46E4EF284F2922BB458C9BA3CE2
filehash-md5,C2A07CA21ECAD714821DF647ADA8ECAA
filehash-md5,C32C1CC761F92E60DD3D92F895ECD4DB
filehash-md5,C578B8DB3869D92482FC77EEEDF41EB0
filehash-md5,C7E6D3EE926BF5D430644C74B25854DE
filehash-md5,C7F6E98E4539BD127573CD5934256C91
filehash-md5,C870CE1CBC120F74059E5F1BB1F76040
filehash-md5,C93EEF1B06805A23E655C3856E7C7A17
filehash-md5,CA507B0DD178471E9CADF4CA313A67E3
filehash-md5,CA9644EF0F7ED355A842F6E2D4511546
filehash-md5,CDDFA154BBE89D4627210EBA087C3504
filehash-md5,D1ADC4F3A766B1BC55E3508C380C6D3D
filehash-md5,D1BAB4A30F2889AD392D17573302F097
filehash-md5,D316848CE47C098CCFE72AA7311AAFFA
filehash-md5,D32BE2F813971EC66C54697D78229653
filehash-md5,D3AE29E3719D5FD68D31BF3C4D9EAC30
filehash-md5,D4398F6F7BA070B6CDEE7204F6862BD9
filehash-md5,D4B7F99669A3EFC94006E5FE9D84EB65
filehash-md5,D508147FED6E41BFC31AD8151BC0BB13
filehash-md5,D537CE1BB88D7BD0D9D30F0554B91F51
filehash-md5,D67E2F5E6A0B046AE3BF5C61F1F384EC
filehash-md5,D69598758998CF5F677BE9312B807938
filehash-md5,D6ADC86BC53E1730A077AF49D9CA27D1
filehash-md5,D7DC970923CC80BE272AAF6BD1A59FE7
filehash-md5,D81B91CD4C6F42EB7049109CB42461ED
filehash-md5,D84851AD131424F04FBFFC3BBAC03BFF
filehash-md5,D9A958D55D457D745998EE70CF025CB9
filehash-md5,D9F87E744DBC898212A9EAA4594301B0
filehash-md5,DB212129BE94FE77362751C557D0E893
filehash-md5,DBB867C2250B5BE4E67D1977FCF721FB
filehash-md5,DC6FFD15D88F15F129F6F00F4FB82A0A
filehash-md5,DE32915056D480B8B722E0A93164DBFE
filehash-md5,DF5BD411F080B55C578AEB9001A4287D
filehash-md5,E03E6807DF25C111F79EAC86907668B9
filehash-md5,E0593F81FDF39EEFD17427ADAC3825E2
filehash-md5,E0AB70FF814592A18864EB05A516A711
filehash-md5,E1663B6462115BA929B05BB75A61ED5F
filehash-md5,E1FBF8D74B622FDE3CF765A3A51CA39F
filehash-md5,E2B61ACF0DB4D64D9FB325922C014969
filehash-md5,E61C043005C16028DD55C04B14041F5E
filehash-md5,E68AC9E407477B29073EBE4A15E1F520
filehash-md5,E696B38AC71B23F50EE68DA06A004AF3
filehash-md5,E6B7DF4E923E701F1F8464C768ECA166
filehash-md5,E6C596CFA163FE9B8883C7618D594018
filehash-md5,E75FE20DD51D32772D5211924D4F8564
filehash-md5,E84B87DB6AE7C34FC7E6BC2F0BEF4AE4
filehash-md5,E85005524E8E6A8612C9D0899BB952D6
filehash-md5,E86531B216DC3F7D92DA5D6C03871B45
filehash-md5,E8F3790CFAC1B104965DEAD841DC20B2
filehash-md5,E96C994B21490EA5C8C7D78FECFEAC87
filehash-md5,E975D5B29D988929E5AD3A8FA19083D1
filehash-md5,ECA515F4D356627969A630434F29CA4B
filehash-md5,EDFA6607207DDBCA961AE7B78405F761
filehash-md5,EF9C0EA7AD447D0841E083534249089E
filehash-md5,EF9D8CD06DE03BD5F07B01C1CCE9761F
filehash-md5,F01A9A2D1E31332ED36C1A4D2839F412
filehash-md5,F03F70D331C6564AEC8931F481949188
filehash-md5,F0BE554B1D9B394BC2A90322CA944FCE
filehash-md5,F0D6B45E96CDBBBEC6403DDB2CA98654
filehash-md5,F310584EB1538CB78CA8C225038B2E54
filehash-md5,F41023D4B0FE091EAEB778C621AC38D7
filehash-md5,F5744D72C6919F994FF452B0E758FFEE
filehash-md5,F586EDD88023F49BC4F9D84F9FB6BD7D
filehash-md5,F68008057FF5DBC67C938B3F5F68A54D
filehash-md5,F6A79B54C6351C32FE35CDA9A78B607F
filehash-md5,F6CAA0160A6F0E5264FD16FA5AE95696
filehash-md5,F847D99EEDFE57949DD598A693A2D35F
filehash-md5,F86C912661DBDA535CBAB464E79E26BE
filehash-md5,FAACABEA42AFBC6CD5CE684E1BBFB073
filehash-md5,FAF9576CE2AF23AAC67D3087EB85A92B
filehash-md5,FB0C714CD2EBDCC6F33817ABE7813C36
filehash-md5,FC26AD639598A92546AF2DAA6F6A7AFD
filehash-md5,FC7487A7F35A510246280589F228ECFC
